"","baseMean","log2FoldChange","lfcSE","stat","pvalue","padj"
"NM_001015159.4",129.263636410416,-1.17584071406536,0.217840212735822,-5.3977211062097,6.74926725477835e-08,0.000131104516424069
"NM_001038810.2",72.9471958820498,1.22103029752357,0.299539243109957,4.07636169754005,4.57458431853486e-05,0.0355445201550158
"NM_001259072.1",12.3991065538805,7.09193482964755,1.62927514453921,4.35281594604655,1.34399979424546e-05,0.0174047973354787
"NM_134528.3",25.254909523794,-3.09532738526496,0.753236871379217,-4.10936785343135,3.96743666433311e-05,0.0355445201550158
"NM_205866.3",21.2401996994585,-7.86293320515109,1.31036910768516,-6.0005483638434,1.96652265166647e-09,7.63994050172424e-06
