"","baseMean","log2FoldChange","lfcSE","stat","pvalue","padj"
"1",11.6936132030927,-6.99966018351028,1.66807135060139,-4.19625945915725,2.71359368906885e-05,0.020769846096133
"2",24.3219948621123,8.06316100092188,1.27430189892666,6.32751234830103,2.49145039824771e-10,4.76739033704699e-07
"3",21.4942990668614,3.0515337669703,0.725907836983839,4.20374820534998,2.62530974249471e-05,0.020769846096133
"4",23.0990768725731,-7.98156574659005,1.28259153042275,-6.22299894960268,4.87740647134688e-10,6.22194485528151e-07
"5",31.5731661449185,-8.43217653788036,1.26365182742609,-6.6728638022514,2.50859186940902e-11,9.60038108422831e-08
