"","baseMean","log2FoldChange","lfcSE","stat","pvalue","padj"
"NM_001272739.1",10.7434543193033,-6.88236801472396,1.705343722939,-4.03576588235411,5.44244663162836e-05,0.0427232060582826
"NM_001274841.1",66.444927292737,9.50908874802587,1.23077002257308,7.72612963723793,1.10865727404863e-14,4.35147980064087e-11
"NM_001299084.1",22.6174442935228,-7.95649665171409,1.29310893264593,-6.15299798094634,7.60317737558606e-10,1.49212355995876e-06
"NM_001299188.1",40.1350074870778,1.60568301739012,0.394123979635015,4.07405562807188,4.62014382447088e-05,0.0427232060582826
"NM_136249.2",13.6871354868232,-7.23189888905763,1.53452106468729,-4.71280522338828,2.44329715671384e-06,0.00319664711336728
